<?xml version="1.1" encoding="UTF-8"?>

<channel name="displays" version="1.0">
  <property name="ActiveProfile" type="string" value="Default"/>
  <property name="Notify" type="int" value="1"/>
  <property name="AutoEnableProfiles" type="int" value="3"/>
  <property name="Default" type="empty">
    <property name="DP-2" type="string" value="AU Optronics 15&quot;">
      <property name="Active" type="bool" value="true"/>
      <property name="EDID" type="string" value="c96a9b5bd7686b4d42396869447001a2133e6364"/>
      <property name="Resolution" type="string" value="1920x1080"/>
      <property name="RefreshRate" type="double" value="144.06256431364477"/>
      <property name="Rotation" type="int" value="0"/>
      <property name="Reflection" type="string" value="0"/>
      <property name="Primary" type="bool" value="false"/>
      <property name="Scale" type="double" value="1"/>
      <property name="Position" type="empty">
        <property name="X" type="int" value="0"/>
        <property name="Y" type="int" value="0"/>
      </property>
    </property>
  </property>
</channel>
