<?xml version="1.1" encoding="UTF-8"?>

<channel name="pointers" version="1.0">
  <property name="ASUP120500_093A2008_Touchpad" type="empty">
    <property name="RightHanded" type="bool" value="true"/>
    <property name="Threshold" type="int" value="1"/>
    <property name="Acceleration" type="double" value="6.0999999999999996"/>
    <property name="Properties" type="empty">
      <property name="libinput_Disable_While_Typing_Enabled" type="int" value="1"/>
      <property name="libinput_Click_Method_Enabled" type="array">
        <value type="int" value="0"/>
        <value type="int" value="0"/>
      </property>
      <property name="libinput_Tapping_Enabled" type="int" value="1"/>
    </property>
  </property>
</channel>
