<?xml version="1.1" encoding="UTF-8"?>

<channel name="xfce4-panel" version="1.0">
  <property name="configver" type="int" value="2"/>
  <property name="panels" type="array">
    <value type="int" value="1"/>
    <property name="dark-mode" type="bool" value="true"/>
    <property name="panel-1" type="empty">
      <property name="position" type="string" value="p=6;x=0;y=0"/>
      <property name="length" type="uint" value="100"/>
      <property name="position-locked" type="bool" value="true"/>
      <property name="icon-size" type="uint" value="0"/>
      <property name="size" type="uint" value="21"/>
      <property name="plugin-ids" type="array">
        <value type="int" value="1"/>
        <value type="int" value="4"/>
        <value type="int" value="3"/>
        <value type="int" value="5"/>
        <value type="int" value="6"/>
        <value type="int" value="7"/>
        <value type="int" value="2"/>
        <value type="int" value="12"/>
        <value type="int" value="9"/>
        <value type="int" value="8"/>
      </property>
    </property>
  </property>
  <property name="plugins" type="empty">
    <property name="plugin-1" type="string" value="applicationsmenu">
      <property name="show-button-title" type="bool" value="false"/>
      <property name="button-icon" type="string" value="cachyos"/>
    </property>
    <property name="plugin-3" type="string" value="separator">
      <property name="expand" type="bool" value="true"/>
      <property name="style" type="uint" value="0"/>
    </property>
    <property name="plugin-4" type="string" value="pager">
      <property name="rows" type="uint" value="1"/>
      <property name="miniature-view" type="bool" value="false"/>
    </property>
    <property name="plugin-5" type="string" value="separator">
      <property name="style" type="uint" value="0"/>
    </property>
    <property name="plugin-6" type="string" value="systray">
      <property name="square-icons" type="bool" value="true"/>
      <property name="icon-size" type="int" value="0"/>
      <property name="known-legacy-items" type="array">
        <value type="string" value="wi-fi network connection “tiscali_c39a” active: tiscali_c39a (78%)"/>
        <value type="string" value="wi-fi network connection “tiscali_c39a” active: tiscali_c39a (72%)"/>
        <value type="string" value="wi-fi network connection “tiscali_c39a” active: tiscali_c39a (74%)"/>
        <value type="string" value="wi-fi network connection “tiscali_c39a” active: tiscali_c39a (77%)"/>
        <value type="string" value="udiskie"/>
        <value type="string" value="wi-fi network connection “tiscali_c39a” active: tiscali_c39a (79%)"/>
        <value type="string" value="requesting a wi-fi network address for “tiscali_c39a”…"/>
        <value type="string" value="no network connection"/>
        <value type="string" value="wi-fi network connection “redmi note 8 pro” active: redmi note 8 pro (96%)"/>
      </property>
    </property>
    <property name="plugin-7" type="string" value="separator">
      <property name="style" type="uint" value="0"/>
    </property>
    <property name="plugin-8" type="string" value="clock">
      <property name="digital-layout" type="uint" value="3"/>
      <property name="digital-time-format" type="string" value="%T"/>
      <property name="digital-time-font" type="string" value="Sans 10"/>
    </property>
    <property name="plugin-9" type="string" value="separator">
      <property name="style" type="uint" value="0"/>
    </property>
    <property name="plugin-2" type="string" value="notification-plugin"/>
    <property name="plugin-12" type="string" value="pulseaudio">
      <property name="enable-keyboard-shortcuts" type="bool" value="true"/>
    </property>
  </property>
</channel>
