<?xml version="1.0" encoding="UTF-8"?>
<doublecmd DCVersion="1.1.21 gamma" ConfigVersion="15">
  <Toolbars>
    <MainToolbar>
      <Row>
        <Command>
          <ID>{88F28C9B-BB1E-49C0-8378-59F834EAEE98}</ID>
          <Icon>cm_refresh</Icon>
          <Command>cm_Refresh</Command>
        </Command>
        <Command>
          <ID>{FE67DC10-4232-4547-92CF-7377E3258D2E}</ID>
          <Icon>cm_runterm</Icon>
          <Command>cm_RunTerm</Command>
        </Command>
        <Command>
          <ID>{83928090-F434-402E-88BD-B2B534CEECC4}</ID>
          <Icon>cm_options</Icon>
          <Command>cm_Options</Command>
        </Command>
        <Separator>
          <Style>False</Style>
        </Separator>
        <Command>
          <ID>{F7EB59C4-6A86-4B74-8011-512B63044862}</ID>
          <Icon>cm_briefview</Icon>
          <Command>cm_BriefView</Command>
        </Command>
        <Command>
          <ID>{AE3C665C-D2BB-4CA8-9A13-199B24269EB8}</ID>
          <Icon>cm_columnsview</Icon>
          <Command>cm_ColumnsView</Command>
        </Command>
        <Command>
          <ID>{D561986F-1CB0-4B53-9DF9-58D689063128}</ID>
          <Icon>cm_thumbnailsview</Icon>
          <Command>cm_ThumbnailsView</Command>
        </Command>
        <Separator>
          <Style>False</Style>
        </Separator>
        <Command>
          <ID>{4ECCD490-7997-4767-9515-9508C889D522}</ID>
          <Icon>cm_flatview</Icon>
          <Command>cm_FlatView</Command>
        </Command>
        <Separator>
          <Style>False</Style>
        </Separator>
        <Command>
          <ID>{326592EA-05DF-49D8-BD55-CA2358C66CD9}</ID>
          <Icon>cm_viewhistoryprev</Icon>
          <Command>cm_ViewHistoryPrev</Command>
        </Command>
        <Command>
          <ID>{DE845C11-6787-49A5-B716-C979DC36F5AD}</ID>
          <Icon>cm_viewhistorynext</Icon>
          <Command>cm_ViewHistoryNext</Command>
        </Command>
        <Separator>
          <Style>False</Style>
        </Separator>
        <Command>
          <ID>{8212BF31-9985-4D57-824F-587291DBDF1B}</ID>
          <Icon>cm_markplus</Icon>
          <Command>cm_MarkPlus</Command>
        </Command>
        <Command>
          <ID>{B78A47FD-3B84-4CCA-8A3A-DFF7D03B430D}</ID>
          <Icon>cm_markminus</Icon>
          <Command>cm_MarkMinus</Command>
        </Command>
        <Command>
          <ID>{EA25A9DF-14C9-45C6-89B7-E8C7ABBDC517}</ID>
          <Icon>cm_markinvert</Icon>
          <Command>cm_MarkInvert</Command>
        </Command>
        <Separator>
          <Style>False</Style>
        </Separator>
        <Command>
          <ID>{43AAF982-F6C5-4568-9DFD-F84EB924C334}</ID>
          <Icon>cm_packfiles</Icon>
          <Command>cm_PackFiles</Command>
        </Command>
        <Command>
          <ID>{37F9CD77-53C9-42A7-ADAB-25BDFEB2A6FF}</ID>
          <Icon>cm_extractfiles</Icon>
          <Command>cm_ExtractFiles</Command>
        </Command>
        <Separator>
          <Style>False</Style>
        </Separator>
        <Command>
          <ID>{26974F74-D5EA-4592-B0F2-C597846F5FF5}</ID>
          <Icon>cm_networkconnect</Icon>
          <Command>cm_NetworkConnect</Command>
        </Command>
        <Command>
          <ID>{B2676589-9DE2-4EFC-A7AF-03B1E81FD640}</ID>
          <Icon>cm_search</Icon>
          <Command>cm_Search</Command>
        </Command>
        <Command>
          <ID>{246A8E06-D2B2-4ACB-8CC3-E1BE7933DAAB}</ID>
          <Icon>cm_multirename</Icon>
          <Command>cm_MultiRename</Command>
        </Command>
        <Command>
          <ID>{DDEFB556-55E4-41B7-81A8-5B4758F2BDB3}</ID>
          <Icon>cm_syncdirs</Icon>
          <Command>cm_SyncDirs</Command>
        </Command>
        <Command>
          <ID>{0E3A21B6-ACCC-42FE-8CE6-9B34BE6BB152}</ID>
          <Icon>cm_copyfullnamestoclip</Icon>
          <Command>cm_CopyFullNamesToClip</Command>
        </Command>
      </Row>
    </MainToolbar>
    <MiddleToolbar>
      <Row>
        <Command>
          <ID>{F9F0416D-5933-4F70-88FA-9281740670E0}</ID>
          <Icon>cm_view</Icon>
          <Command>cm_View</Command>
        </Command>
        <Command>
          <ID>{7A5BBCAA-E56D-4D5D-BF9C-CEDCC0486AF7}</ID>
          <Icon>cm_edit</Icon>
          <Command>cm_Edit</Command>
        </Command>
        <Command>
          <ID>{A9D68733-6181-4EF8-AB7C-3C0A12E78C83}</ID>
          <Icon>cm_copy</Icon>
          <Command>cm_Copy</Command>
        </Command>
        <Command>
          <ID>{7D997D1A-08E3-4A95-B75A-5744538F8A42}</ID>
          <Icon>cm_rename</Icon>
          <Command>cm_Rename</Command>
        </Command>
        <Separator>
          <Style>True</Style>
        </Separator>
        <Command>
          <ID>{5C39B581-AADA-423A-BD74-4B5C91533F80}</ID>
          <Icon>cm_packfiles</Icon>
          <Command>cm_PackFiles</Command>
        </Command>
        <Command>
          <ID>{0F7EB294-FF7F-47E7-94CF-DD3F53B593D1}</ID>
          <Icon>cm_makedir</Icon>
          <Command>cm_MakeDir</Command>
        </Command>
      </Row>
    </MiddleToolbar>
  </Toolbars>
  <MainWindow>
    <Position Save="True">
      <Left>80</Left>
      <Top>48</Top>
      <Width>954</Width>
      <Height>1027</Height>
      <PixelsPerInch>96</PixelsPerInch>
      <Maximized>True</Maximized>
      <Splitter>50</Splitter>
    </Position>
  </MainWindow>
  <Language>
    <POFileName>doublecmd.pot</POFileName>
  </Language>
  <Behaviours>
    <GoToRoot>False</GoToRoot>
    <ShowCurDirTitleBar>False</ShowCurDirTitleBar>
    <ActiveRight>False</ActiveRight>
    <RunInTerminalStayOpenCmd>alacritty</RunInTerminalStayOpenCmd>
    <RunInTerminalStayOpenParams>-e sh -c '{command}; echo -n Press ENTER to exit... ; read a'</RunInTerminalStayOpenParams>
    <RunInTerminalCloseCmd>alacritty</RunInTerminalCloseCmd>
    <RunInTerminalCloseParams>-e sh -c '{command}'</RunInTerminalCloseParams>
    <JustRunTerminal>alacritty</JustRunTerminal>
    <JustRunTermParams/>
    <OnlyOneAppInstance>False</OnlyOneAppInstance>
    <LynxLike>True</LynxLike>
    <FileSizeFormat>0</FileSizeFormat>
    <OperationSizeFormat>0</OperationSizeFormat>
    <HeaderSizeFormat>0</HeaderSizeFormat>
    <FooterSizeFormat>0</FooterSizeFormat>
    <FileSizeDigits>1</FileSizeDigits>
    <HeaderDigits>1</HeaderDigits>
    <FooterDigits>1</FooterDigits>
    <OperationSizeDigits>1</OperationSizeDigits>
    <PersonalizedByte>B</PersonalizedByte>
    <PersonalizedKilo>KB</PersonalizedKilo>
    <PersonalizedMega>MB</PersonalizedMega>
    <PersonalizedGiga>GB</PersonalizedGiga>
    <PersonalizedTera>TB</PersonalizedTera>
    <ConfirmQuit>False</ConfirmQuit>
    <MinimizeToTray>False</MinimizeToTray>
    <AlwaysShowTrayIcon>False</AlwaysShowTrayIcon>
    <Mouse>
      <Selection Enabled="True">
        <Button>0</Button>
        <IconClick>0</IconClick>
      </Selection>
      <SingleClickStart>0</SingleClickStart>
      <ScrollMode>1</ScrollMode>
      <WheelScrollLines>3</WheelScrollLines>
    </Mouse>
    <AutoFillColumns>False</AutoFillColumns>
    <AutoSizeColumn>1</AutoSizeColumn>
    <CustomColumnsChangeAllColumns>False</CustomColumnsChangeAllColumns>
    <BriefViewFileExtAligned>False</BriefViewFileExtAligned>
    <DateTimeFormat>dd/mm/yyyy hh:nn:ss</DateTimeFormat>
    <ColumnsTitleLikeValues>False</ColumnsTitleLikeValues>
    <CutTextToColumnWidth>True</CutTextToColumnWidth>
    <ExtendCellWidth>False</ExtendCellWidth>
    <ShowSystemFiles>False</ShowSystemFiles>
    <ListFilesInThread>True</ListFilesInThread>
    <LoadIconsSeparately>True</LoadIconsSeparately>
    <DelayLoadingTabs>True</DelayLoadingTabs>
    <HighlightUpdatedFiles>True</HighlightUpdatedFiles>
    <DriveBlackList/>
    <DriveBlackListUnmounted>False</DriveBlackListUnmounted>
  </Behaviours>
  <Tools>
    <Viewer Enabled="False">
      <Path/>
      <Parameters/>
      <RunInTerminal>False</RunInTerminal>
      <KeepTerminalOpen>False</KeepTerminalOpen>
    </Viewer>
    <Editor Enabled="False">
      <Path/>
      <Parameters/>
      <RunInTerminal>False</RunInTerminal>
      <KeepTerminalOpen>False</KeepTerminalOpen>
    </Editor>
    <Differ Enabled="False">
      <Path/>
      <Parameters/>
      <RunInTerminal>False</RunInTerminal>
      <KeepTerminalOpen>False</KeepTerminalOpen>
      <FramePosAfterComp>0</FramePosAfterComp>
    </Differ>
  </Tools>
  <Fonts>
    <Main>
      <Name>default</Name>
      <Size>10</Size>
      <Style>1</Style>
      <Quality>0</Quality>
    </Main>
    <Editor>
      <Name>Noto Sans Mono Regular</Name>
      <Size>14</Size>
      <Style>0</Style>
      <Quality>0</Quality>
    </Editor>
    <Viewer>
      <Name>Noto Sans Mono Regular</Name>
      <Size>14</Size>
      <Style>0</Style>
      <Quality>0</Quality>
    </Viewer>
    <ViewerBook>
      <Name>default</Name>
      <Size>16</Size>
      <Style>1</Style>
      <Quality>0</Quality>
    </ViewerBook>
    <Log>
      <Name>Noto Sans Mono Regular</Name>
      <Size>12</Size>
      <Style>0</Style>
      <Quality>0</Quality>
    </Log>
    <Console>
      <Name>Noto Sans Mono Regular</Name>
      <Size>12</Size>
      <Style>0</Style>
      <Quality>0</Quality>
    </Console>
    <PathEdit>
      <Name>default</Name>
      <Size>10</Size>
      <Style>0</Style>
      <Quality>0</Quality>
    </PathEdit>
    <FunctionButtons>
      <Name>default</Name>
      <Size>10</Size>
      <Style>0</Style>
      <Quality>0</Quality>
    </FunctionButtons>
    <SearchResults>
      <Name>default</Name>
      <Size>10</Size>
      <Style>0</Style>
      <Quality>0</Quality>
    </SearchResults>
    <TreeViewMenu>
      <Name>default</Name>
      <Size>10</Size>
      <Style>0</Style>
      <Quality>0</Quality>
    </TreeViewMenu>
    <StatusBar>
      <Name>default</Name>
      <Size>0</Size>
      <Style>0</Style>
      <Quality>0</Quality>
    </StatusBar>
  </Fonts>
  <Colors>
    <UseCursorBorder>False</UseCursorBorder>
    <UseFrameCursor>False</UseFrameCursor>
    <UseInvertedSelection>False</UseInvertedSelection>
    <UseInactiveSelColor>False</UseInactiveSelColor>
    <AllowOverColor>True</AllowOverColor>
    <gBorderFrameWidth>1</gBorderFrameWidth>
    <InactivePanelBrightness>100</InactivePanelBrightness>
    <FreeSpaceIndicator>
      <UseGradient>True</UseGradient>
    </FreeSpaceIndicator>
  </Colors>
  <ToolTips>
    <ShowToolTipMode>True</ShowToolTipMode>
    <ActualToolTipMode>0</ActualToolTipMode>
    <ToolTipHideTimeOut>0</ToolTipHideTimeOut>
    <CustomFields/>
  </ToolTips>
  <Layout>
    <MainMenu>True</MainMenu>
    <ButtonBar Enabled="False">
      <FlatIcons>False</FlatIcons>
      <ButtonHeight>24</ButtonHeight>
      <IconSize>20</IconSize>
      <ShowCaptions>False</ShowCaptions>
      <ReportErrorWithCommands>False</ReportErrorWithCommands>
      <FilenameStyle>0</FilenameStyle>
      <PathToBeRelativeTo>%COMMANDER_PATH%</PathToBeRelativeTo>
      <PathModifierElements>0</PathModifierElements>
    </ButtonBar>
    <MiddleBar Enabled="False">
      <FlatIcons>True</FlatIcons>
      <ButtonHeight>24</ButtonHeight>
      <IconSize>16</IconSize>
      <ShowCaptions>False</ShowCaptions>
      <ReportErrorWithCommands>False</ReportErrorWithCommands>
    </MiddleBar>
    <DriveBar1>True</DriveBar1>
    <DriveBar2>True</DriveBar2>
    <DriveBarFlat>True</DriveBarFlat>
    <DrivesListButton Enabled="True">
      <ShowLabel>True</ShowLabel>
      <ShowFileSystem>True</ShowFileSystem>
      <ShowFreeSpace>True</ShowFreeSpace>
    </DrivesListButton>
    <SeparateTree>False</SeparateTree>
    <DirectoryTabs>True</DirectoryTabs>
    <CurrentDirectory>True</CurrentDirectory>
    <TabHeader>True</TabHeader>
    <StatusBar>True</StatusBar>
    <CmdLine>False</CmdLine>
    <LogWindow>False</LogWindow>
    <TermWindow>False</TermWindow>
    <KeyButtons>True</KeyButtons>
    <InterfaceFlat>True</InterfaceFlat>
    <DriveFreeSpace>True</DriveFreeSpace>
    <DriveIndicator>False</DriveIndicator>
    <ProgressInMenuBar>False</ProgressInMenuBar>
    <PanelOfOperationsInBackground>True</PanelOfOperationsInBackground>
    <HorizontalFilePanels>False</HorizontalFilePanels>
    <ShortFormatDriveInfo>True</ShortFormatDriveInfo>
    <UppercaseDriveLetter>False</UppercaseDriveLetter>
    <ShowColonAfterDrive>False</ShowColonAfterDrive>
  </Layout>
  <FilesViews>
    <Sorting>
      <CaseSensitivity>0</CaseSensitivity>
      <NaturalSorting>False</NaturalSorting>
      <SpecialSorting>False</SpecialSorting>
      <SortFolderMode>1</SortFolderMode>
      <NewFilesPosition>2</NewFilesPosition>
      <UpdatedFilesPosition>2</UpdatedFilesPosition>
    </Sorting>
    <ColumnsView>
      <LongInStatus>False</LongInStatus>
      <AutoSaveWidth>True</AutoSaveWidth>
      <TitleStyle>2</TitleStyle>
    </ColumnsView>
    <BriefView>
      <FileExtAligned>False</FileExtAligned>
      <Columns>
        <FixedWidth>100</FixedWidth>
        <FixedCount>2</FixedCount>
        <AutoSize>2</AutoSize>
      </Columns>
    </BriefView>
    <ExtraLineSpan>2</ExtraLineSpan>
    <FolderPrefix>[</FolderPrefix>
    <FolderPostfix>]</FolderPostfix>
    <RenameConfirmMouse>False</RenameConfirmMouse>
  </FilesViews>
  <Keyboard>
    <Typing>
      <Actions>
        <NoModifier>2</NoModifier>
        <Alt>0</Alt>
        <CtrlAlt>3</CtrlAlt>
      </Actions>
    </Typing>
  </Keyboard>
  <FileOperations>
    <BufferSize>524288</BufferSize>
    <LongNameAlert>True</LongNameAlert>
    <HashBufferSize>8388608</HashBufferSize>
    <UseMmapInSearch>False</UseMmapInSearch>
    <PartialNameSearch>True</PartialNameSearch>
    <InitiallyClearFileMask>True</InitiallyClearFileMask>
    <NewSearchClearFiltersAction>0</NewSearchClearFiltersAction>
    <ShowMenuBarInFindFiles>True</ShowMenuBarInFindFiles>
    <WipePassNumber>1</WipePassNumber>
    <DropReadOnlyFlag>False</DropReadOnlyFlag>
    <ProcessComments>False</ProcessComments>
    <RenameSelOnlyName>False</RenameSelOnlyName>
    <ShowCopyTabSelectPanel>False</ShowCopyTabSelectPanel>
    <UseTrash>True</UseTrash>
    <SkipFileOpError>False</SkipFileOpError>
    <TypeOfDuplicatedRename>0</TypeOfDuplicatedRename>
    <DefaultDropEffect>True</DefaultDropEffect>
    <ShowDialogOnDragDrop>True</ShowDialogOnDragDrop>
    <DragAndDropTextRichtextDesireLevel>0</DragAndDropTextRichtextDesireLevel>
    <DragAndDropTextHtmlDesireLevel>1</DragAndDropTextHtmlDesireLevel>
    <DragAndDropTextUnicodeDesireLevel>2</DragAndDropTextUnicodeDesireLevel>
    <DragAndDropTextSimpletextDesireLevel>3</DragAndDropTextSimpletextDesireLevel>
    <DragAndDropAskFormatEachTime>False</DragAndDropAskFormatEachTime>
    <DragAndDropTextAutoFilename>False</DragAndDropTextAutoFilename>
    <DragAndDropSaveUnicodeTextInUFT8>True</DragAndDropSaveUnicodeTextInUFT8>
    <NtfsHourTimeDelay>False</NtfsHourTimeDelay>
    <AutoExtractOpenMask/>
    <SearchDefaultTemplate/>
    <ProgressKind>0</ProgressKind>
    <Confirmations>15</Confirmations>
    <Options>
      <Symlink>0</Symlink>
      <CorrectLinks>False</CorrectLinks>
      <CopyOnWrite>2</CopyOnWrite>
      <FileExists>0</FileExists>
      <DirectoryExists>0</DirectoryExists>
      <SetPropertyError>0</SetPropertyError>
      <ReserveSpace>True</ReserveSpace>
      <CheckFreeSpace>True</CheckFreeSpace>
      <CopyAttributes>True</CopyAttributes>
      <CopyXattributes>True</CopyXattributes>
      <Verify>False</Verify>
      <CopyTime>True</CopyTime>
      <CopyOwnership>False</CopyOwnership>
      <CopyPermissions>False</CopyPermissions>
      <ExcludeEmptyTemplateDirectories>True</ExcludeEmptyTemplateDirectories>
    </Options>
    <Extract>
      <Overwrite>False</Overwrite>
    </Extract>
    <MultiRename>
      <MulRenShowMenuBarOnTop>True</MulRenShowMenuBarOnTop>
      <MulRenInvalidCharReplacement>.</MulRenInvalidCharReplacement>
      <MulRenLaunchBehavor>0</MulRenLaunchBehavor>
      <MulRenExitModifiedPreset>0</MulRenExitModifiedPreset>
      <MulRenSaveRenamingLog>0</MulRenSaveRenamingLog>
      <MulRenLogFilename>%DC_CONFIG_PATH%/multirename.log</MulRenLogFilename>
      <MultRenDailyIndividualDirLog>True</MultRenDailyIndividualDirLog>
      <MulRenFilenameWithFullPathInLog>False</MulRenFilenameWithFullPathInLog>
      <MulRenPathRangeSeparator> - </MulRenPathRangeSeparator>
    </MultiRename>
  </FileOperations>
  <Tabs>
    <Options>54033</Options>
    <CharacterLimit>32</CharacterLimit>
    <Position>0</Position>
    <ActionOnDoubleClick>2</ActionOnDoubleClick>
  </Tabs>
  <Log Enabled="False" Count="0" LogFileWithDateInName="False">
    <FileName>%DC_CONFIG_PATH%/doublecmd.log</FileName>
    <Options>1023</Options>
  </Log>
  <Configuration Save="True" SortOrder="1" TreeType="0">
    <FolderTabs Save="True"/>
  </Configuration>
  <History>
    <SearchReplaceHistory Save="True"/>
    <DirHistory Save="True" Count="30"/>
    <CmdLineHistory Save="True"/>
    <FileMaskHistory Save="True"/>
    <VolumeSizeHistory Save="True"/>
    <CreateDirectoriesHistory Save="True"/>
  </History>
  <QuickSearch>
    <MatchBeginning>True</MatchBeginning>
    <MatchEnding>True</MatchEnding>
    <Case>1</Case>
    <Items>2</Items>
  </QuickSearch>
  <QuickFilter>
    <AutoHide>True</AutoHide>
    <SaveSessionModifications>False</SaveSessionModifications>
  </QuickFilter>
  <Miscellaneous>
    <GridVertLine>False</GridVertLine>
    <GridHorzLine>False</GridHorzLine>
    <ShowWarningMessages>True</ShowWarningMessages>
    <SpaceMovesDown>False</SpaceMovesDown>
    <DirBrackets>True</DirBrackets>
    <InplaceRename>False</InplaceRename>
    <InplaceRenameButton>True</InplaceRenameButton>
    <DblClickToParent>False</DblClickToParent>
    <DoubleClickEditPath>False</DoubleClickEditPath>
    <HotDirAddTargetOrNot>False</HotDirAddTargetOrNot>
    <HotDirFullExpandOrNot>False</HotDirFullExpandOrNot>
    <ShowPathInPopup>False</ShowPathInPopup>
    <ShowOnlyValidEnv>True</ShowOnlyValidEnv>
    <WhereToAddNewHotDir>2</WhereToAddNewHotDir>
    <FilenameStyle>0</FilenameStyle>
    <PathToBeRelativeTo>%COMMANDER_PATH%</PathToBeRelativeTo>
    <PathModifierElements>0</PathModifierElements>
    <DefaultTextEncoding>none</DefaultTextEncoding>
    <SystemItemProperties>False</SystemItemProperties>
    <DecimalSeparator>�</DecimalSeparator>
  </Miscellaneous>
  <Thumbnails Save="True">
    <Width>128</Width>
    <Height>128</Height>
  </Thumbnails>
  <Description>
    <CreateNewUnicode>True</CreateNewUnicode>
    <DefaultEncoding>2</DefaultEncoding>
    <CreateNewEncoding>3</CreateNewEncoding>
  </Description>
  <AutoRefresh>
    <Options>3</Options>
    <ExcludeDirs/>
    <Mode>1</Mode>
  </AutoRefresh>
  <Icons>
    <Theme>dctheme</Theme>
    <ShowHiddenDimmed>False</ShowHiddenDimmed>
    <ShowMode>3</ShowMode>
    <ShowOverlays>True</ShowOverlays>
    <Size>32</Size>
    <DiskSize>16</DiskSize>
    <DiskAlpha>50</DiskAlpha>
    <ToolSize>24</ToolSize>
    <Exclude>False</Exclude>
    <ExcludeDirs/>
    <CustomIcons>0</CustomIcons>
    <PixelsPerInch>96</PixelsPerInch>
    <ShowInMenus Enabled="False">
      <Size>16</Size>
    </ShowInMenus>
    <ShowButtonGlyphs>0</ShowButtonGlyphs>
  </Icons>
  <IgnoreList Enabled="False">
    <IgnoreListFile>%DC_CONFIG_PATH%/ignorelist.txt</IgnoreListFile>
  </IgnoreList>
  <DirectoryHotList/>
  <Viewer>
    <PreviewVisible>False</PreviewVisible>
    <ImageStretch>False</ImageStretch>
    <ImageExifRotate>True</ImageExifRotate>
    <ImageStretchLargeOnly>True</ImageStretchLargeOnly>
    <ImageShowTransparency>False</ImageShowTransparency>
    <ImageCenter>True</ImageCenter>
    <CopyMovePath1/>
    <CopyMovePath2/>
    <CopyMovePath3/>
    <CopyMovePath4/>
    <CopyMovePath5/>
    <PaintMode>0</PaintMode>
    <PaintWidth>5</PaintWidth>
    <NumberOfColumns>1</NumberOfColumns>
    <TabSpaces>8</TabSpaces>
    <MaxCodeSize>128</MaxCodeSize>
    <MaxTextWidth>1024</MaxTextWidth>
    <ViewerMode>0</ViewerMode>
    <PrintMargins>200|200|200|200</PrintMargins>
    <ShowCaret>False</ShowCaret>
    <WrapText>False</WrapText>
    <LeftMargin>4</LeftMargin>
    <ExtraLineSpan>0</ExtraLineSpan>
    <PaintColor>255</PaintColor>
    <TextPosition>0</TextPosition>
    <AutoCopy>True</AutoCopy>
    <SynEditMask>*</SynEditMask>
    <JpegQuality>80</JpegQuality>
  </Viewer>
  <Editor>
    <EditWaitTime>2000</EditWaitTime>
    <SynEditOptions>856075</SynEditOptions>
    <SynEditTabWidth>8</SynEditTabWidth>
    <SynEditRightEdge>80</SynEditRightEdge>
    <SynEditBlockIndent>2</SynEditBlockIndent>
    <FindWordAtCursor>True</FindWordAtCursor>
  </Editor>
  <Differ>
    <IgnoreCase>False</IgnoreCase>
    <AutoCompare>True</AutoCompare>
    <KeepScrolling>True</KeepScrolling>
    <PaintBackground>True</PaintBackground>
    <LineDifferences>False</LineDifferences>
    <IgnoreWhiteSpace>False</IgnoreWhiteSpace>
  </Differ>
  <SyncDirs>
    <Subdirs>False</Subdirs>
    <ByContent>False</ByContent>
    <Asymmetric Save="False">False</Asymmetric>
    <IgnoreDate>False</IgnoreDate>
    <FilterCopyRight>True</FilterCopyRight>
    <FilterEqual>True</FilterEqual>
    <FilterNotEqual>True</FilterNotEqual>
    <FilterUnknown>True</FilterUnknown>
    <FilterCopyLeft>True</FilterCopyLeft>
    <FilterDuplicates>True</FilterDuplicates>
    <FilterSingles>True</FilterSingles>
    <FileMask Save="True">*</FileMask>
    <DateTimeFormat>yyyy.mm.dd hh:nn:ss</DateTimeFormat>
  </SyncDirs>
  <InternalAssociations>
    <OfferToAddNewFileType>False</OfferToAddNewFileType>
    <LastCustomAction>Custom action</LastCustomAction>
    <ExpandedContextMenu>False</ExpandedContextMenu>
    <DefaultContextActions>True</DefaultContextActions>
    <ExecuteViaShell>False</ExecuteViaShell>
    <OpenSystemWithTerminalClose>False</OpenSystemWithTerminalClose>
    <OpenSystemWithTerminalStayOpen>False</OpenSystemWithTerminalStayOpen>
    <IncludeFileAssociation>False</IncludeFileAssociation>
    <FilenameStyle>0</FilenameStyle>
    <PathToBeRelativeTo>%COMMANDER_PATH%</PathToBeRelativeTo>
    <PathModifierElements>0</PathModifierElements>
  </InternalAssociations>
  <TreeViewMenu>
    <UseTVMDirectoryHotlistFMC>False</UseTVMDirectoryHotlistFMC>
    <UseTVMDirectoryHotlistFDC>False</UseTVMDirectoryHotlistFDC>
    <UseTVMFavoriteTabsFMC>False</UseTVMFavoriteTabsFMC>
    <UseTVMFavoriteTabsFDC>False</UseTVMFavoriteTabsFDC>
    <UseTVMDirHistory>False</UseTVMDirHistory>
    <UseTVMViewHistory>False</UseTVMViewHistory>
    <UseTVMCommandLineHistory>False</UseTVMCommandLineHistory>
    <TreeViewMenuShortcutExit>True</TreeViewMenuShortcutExit>
    <TreeViewMenuSingleClickExit>True</TreeViewMenuSingleClickExit>
    <TreeViewMenuDoubleClickExit>True</TreeViewMenuDoubleClickExit>
    <Context00>
      <CaseSensitive>False</CaseSensitive>
      <IgnoreAccents>True</IgnoreAccents>
      <ShowWholeBranchIfMatch>False</ShowWholeBranchIfMatch>
    </Context00>
    <Context01>
      <CaseSensitive>False</CaseSensitive>
      <IgnoreAccents>True</IgnoreAccents>
      <ShowWholeBranchIfMatch>False</ShowWholeBranchIfMatch>
    </Context01>
    <Context02>
      <CaseSensitive>False</CaseSensitive>
      <IgnoreAccents>True</IgnoreAccents>
      <ShowWholeBranchIfMatch>False</ShowWholeBranchIfMatch>
    </Context02>
    <Context03>
      <CaseSensitive>False</CaseSensitive>
      <IgnoreAccents>True</IgnoreAccents>
      <ShowWholeBranchIfMatch>False</ShowWholeBranchIfMatch>
    </Context03>
    <Context04>
      <CaseSensitive>False</CaseSensitive>
      <IgnoreAccents>True</IgnoreAccents>
      <ShowWholeBranchIfMatch>False</ShowWholeBranchIfMatch>
    </Context04>
    <Context05>
      <CaseSensitive>False</CaseSensitive>
      <IgnoreAccents>True</IgnoreAccents>
      <ShowWholeBranchIfMatch>False</ShowWholeBranchIfMatch>
    </Context05>
    <Context06>
      <CaseSensitive>False</CaseSensitive>
      <IgnoreAccents>True</IgnoreAccents>
      <ShowWholeBranchIfMatch>False</ShowWholeBranchIfMatch>
    </Context06>
    <TreeViewMenuUseKeyboardShortcut>True</TreeViewMenuUseKeyboardShortcut>
  </TreeViewMenu>
  <FavoriteTabsOptions>
    <FavoriteTabsUseRestoreExtraOptions>False</FavoriteTabsUseRestoreExtraOptions>
    <WhereToAdd>1</WhereToAdd>
    <Expand>True</Expand>
    <GotoConfigAftSav>False</GotoConfigAftSav>
    <GotoConfigAftReSav>False</GotoConfigAftReSav>
    <DfltLeftGoTo>0</DfltLeftGoTo>
    <DfltRightGoTo>1</DfltRightGoTo>
    <DfltKeep>5</DfltKeep>
    <DfltSaveDirHistory>False</DfltSaveDirHistory>
    <FavTabsLastUniqueID>{7909EDDC-4E9B-4169-8264-D8F1B019F017}</FavTabsLastUniqueID>
  </FavoriteTabsOptions>
  <Lua>
    <PathToLibrary>liblua5.1.so.0</PathToLibrary>
  </Lua>
  <NameShortcutFile>shortcuts.scf</NameShortcutFile>
  <HotKeySortOrder>0</HotKeySortOrder>
  <UseEnterToCloseHotKeyEditor>True</UseEnterToCloseHotKeyEditor>
  <LastUsedPacker>zip</LastUsedPacker>
  <LastDoAnyCommand>cm_Refresh</LastDoAnyCommand>
  <MarkMaskCaseSensitive>False</MarkMaskCaseSensitive>
  <MarkMaskIgnoreAccents>False</MarkMaskIgnoreAccents>
  <MarkMaskFilterWindows>False</MarkMaskFilterWindows>
  <MarkShowWantedAttribute>False</MarkShowWantedAttribute>
  <MarkDefaultWantedAttribute/>
  <MarkLastWantedAttribute/>
  <SearchTemplates/>
  <ColumnsSets DefaultTitleHash="540805403">
    <ColumnsSet UseFrameCursor="False">
      <Name>Default</Name>
      <Unique>E95962E8-62D8-45E5-A8DA-EBFF2D4EC6C4</Unique>
      <CustomView>False</CustomView>
      <FileSystem>&lt;General&gt;</FileSystem>
      <PixelsPerInch>96</PixelsPerInch>
      <CursorBorder Enabled="False"/>
      <Columns>
        <Column>
          <Title>Name</Title>
          <Unique>0E20C5B6-23D2-4807-8F2B-5D49659C7116</Unique>
          <FuncString>[DC().GETFILENAMENOEXT{}]</FuncString>
          <Width>250</Width>
          <Align>0</Align>
          <Font>
            <Name>default</Name>
            <Size>10</Size>
            <Style>1</Style>
            <Quality>0</Quality>
          </Font>
          <UseInvertedSelection>False</UseInvertedSelection>
          <UseInactiveSelColor>False</UseInactiveSelColor>
          <Overcolor>True</Overcolor>
        </Column>
        <Column>
          <Title>Ext</Title>
          <Unique>0A9CE98A-A46A-41A0-9856-B752AAD7733B</Unique>
          <FuncString>[DC().GETFILEEXT{}]</FuncString>
          <Width>50</Width>
          <Align>0</Align>
          <Font>
            <Name>default</Name>
            <Size>10</Size>
            <Style>1</Style>
            <Quality>0</Quality>
          </Font>
          <UseInvertedSelection>False</UseInvertedSelection>
          <UseInactiveSelColor>False</UseInactiveSelColor>
          <Overcolor>True</Overcolor>
        </Column>
        <Column>
          <Title>Size</Title>
          <Unique>8D118E53-6B8D-49FD-9528-B70C9D685FB8</Unique>
          <FuncString>[DC().GETFILESIZE{}]</FuncString>
          <Width>70</Width>
          <Align>1</Align>
          <Font>
            <Name>default</Name>
            <Size>10</Size>
            <Style>1</Style>
            <Quality>0</Quality>
          </Font>
          <UseInvertedSelection>False</UseInvertedSelection>
          <UseInactiveSelColor>False</UseInactiveSelColor>
          <Overcolor>True</Overcolor>
        </Column>
        <Column>
          <Title>Date</Title>
          <Unique>13DE9D84-423F-44DE-9313-23F1E44B110D</Unique>
          <FuncString>[DC().GETFILETIME{}]</FuncString>
          <Width>140</Width>
          <Align>1</Align>
          <Font>
            <Name>default</Name>
            <Size>10</Size>
            <Style>1</Style>
            <Quality>0</Quality>
          </Font>
          <UseInvertedSelection>False</UseInvertedSelection>
          <UseInactiveSelColor>False</UseInactiveSelColor>
          <Overcolor>True</Overcolor>
        </Column>
        <Column>
          <Title>Attr</Title>
          <Unique>27754B83-D633-4A83-880D-7BA9B54CAEA3</Unique>
          <FuncString>[DC().GETFILEATTR{}]</FuncString>
          <Width>100</Width>
          <Align>0</Align>
          <Font>
            <Name>default</Name>
            <Size>10</Size>
            <Style>1</Style>
            <Quality>0</Quality>
          </Font>
          <UseInvertedSelection>False</UseInvertedSelection>
          <UseInactiveSelColor>False</UseInactiveSelColor>
          <Overcolor>True</Overcolor>
        </Column>
      </Columns>
    </ColumnsSet>
  </ColumnsSets>
  <Plugins>
    <DsxPlugins/>
    <WcxPlugins>
      <WcxPlugin Enabled="True">
        <ArchiveExt>zip</ArchiveExt>
        <Path>%commander_path%/plugins/wcx/zip/zip.wcx</Path>
        <Flags>735</Flags>
      </WcxPlugin>
      <WcxPlugin Enabled="True">
        <ArchiveExt>jar</ArchiveExt>
        <Path>%commander_path%/plugins/wcx/zip/zip.wcx</Path>
        <Flags>990</Flags>
      </WcxPlugin>
      <WcxPlugin Enabled="True">
        <ArchiveExt>tar</ArchiveExt>
        <Path>%commander_path%/plugins/wcx/zip/zip.wcx</Path>
        <Flags>223</Flags>
      </WcxPlugin>
      <WcxPlugin Enabled="True">
        <ArchiveExt>bz2</ArchiveExt>
        <Path>%commander_path%/plugins/wcx/zip/zip.wcx</Path>
        <Flags>91</Flags>
      </WcxPlugin>
      <WcxPlugin Enabled="True">
        <ArchiveExt>tbz</ArchiveExt>
        <Path>%commander_path%/plugins/wcx/zip/zip.wcx</Path>
        <Flags>95</Flags>
      </WcxPlugin>
      <WcxPlugin Enabled="True">
        <ArchiveExt>gz</ArchiveExt>
        <Path>%commander_path%/plugins/wcx/zip/zip.wcx</Path>
        <Flags>91</Flags>
      </WcxPlugin>
      <WcxPlugin Enabled="True">
        <ArchiveExt>tgz</ArchiveExt>
        <Path>%commander_path%/plugins/wcx/zip/zip.wcx</Path>
        <Flags>95</Flags>
      </WcxPlugin>
      <WcxPlugin Enabled="True">
        <ArchiveExt>lzma</ArchiveExt>
        <Path>%commander_path%/plugins/wcx/zip/zip.wcx</Path>
        <Flags>1</Flags>
      </WcxPlugin>
      <WcxPlugin Enabled="True">
        <ArchiveExt>tlz</ArchiveExt>
        <Path>%commander_path%/plugins/wcx/zip/zip.wcx</Path>
        <Flags>95</Flags>
      </WcxPlugin>
      <WcxPlugin Enabled="True">
        <ArchiveExt>xz</ArchiveExt>
        <Path>%commander_path%/plugins/wcx/zip/zip.wcx</Path>
        <Flags>91</Flags>
      </WcxPlugin>
      <WcxPlugin Enabled="True">
        <ArchiveExt>zst</ArchiveExt>
        <Path>%commander_path%/plugins/wcx/zip/zip.wcx</Path>
        <Flags>91</Flags>
      </WcxPlugin>
      <WcxPlugin Enabled="True">
        <ArchiveExt>txz</ArchiveExt>
        <Path>%commander_path%/plugins/wcx/zip/zip.wcx</Path>
        <Flags>95</Flags>
      </WcxPlugin>
      <WcxPlugin Enabled="True">
        <ArchiveExt>zipx</ArchiveExt>
        <Path>%commander_path%/plugins/wcx/zip/zip.wcx</Path>
        <Flags>223</Flags>
      </WcxPlugin>
      <WcxPlugin Enabled="True">
        <ArchiveExt>cpio</ArchiveExt>
        <Path>%commander_path%/plugins/wcx/cpio/cpio.wcx</Path>
        <Flags>4</Flags>
      </WcxPlugin>
      <WcxPlugin Enabled="True">
        <ArchiveExt>deb</ArchiveExt>
        <Path>%commander_path%/plugins/wcx/deb/deb.wcx</Path>
        <Flags>4</Flags>
      </WcxPlugin>
      <WcxPlugin Enabled="True">
        <ArchiveExt>rpm</ArchiveExt>
        <Path>%commander_path%/plugins/wcx/rpm/rpm.wcx</Path>
        <Flags>4</Flags>
      </WcxPlugin>
      <WcxPlugin Enabled="True">
        <ArchiveExt>rar</ArchiveExt>
        <Path>%commander_path%/plugins/wcx/unrar/unrar.wcx</Path>
        <Flags>607</Flags>
      </WcxPlugin>
      <WcxPlugin Enabled="True">
        <ArchiveExt>b64</ArchiveExt>
        <Path>%commander_path%/plugins/wcx/base64/base64.wcx</Path>
        <Flags>1</Flags>
      </WcxPlugin>
    </WcxPlugins>
    <WdxPlugins>
      <WdxPlugin>
        <Name>deb_wdx</Name>
        <Path>%commander_path%/plugins/wdx/deb_wdx/deb_wdx.wdx</Path>
        <DetectString>EXT="DEB"</DetectString>
      </WdxPlugin>
      <WdxPlugin>
        <Name>rpm_wdx</Name>
        <Path>%commander_path%/plugins/wdx/rpm_wdx/rpm_wdx.wdx</Path>
        <DetectString>EXT="RPM"</DetectString>
      </WdxPlugin>
      <WdxPlugin>
        <Name>audioinfo</Name>
        <Path>%commander_path%/plugins/wdx/audioinfo/audioinfo.wdx</Path>
        <DetectString>(EXT="MP3") | (EXT="MP2") | (EXT="MP1") | (EXT="OGG") | (EXT="WMA") | (EXT="WAV") | (EXT="VQF") | (EXT="AAC") | (EXT="APE") | (EXT="MPC") | (EXT="FLAC") | (EXT="CDA") | (EXT="TTA") | (EXT="AC3") | (EXT="DTS") | (EXT="WV") | (EXT="WVC") | (EXT="OFR") | (EXT="OFS") | (EXT="M4A") | (EXT="MP4") | (EXT="OPUS")</DetectString>
      </WdxPlugin>
    </WdxPlugins>
    <WfxPlugins>
      <WfxPlugin Enabled="True">
        <Name>FTP</Name>
        <Path>%commander_path%/plugins/wfx/ftp/ftp.wfx</Path>
      </WfxPlugin>
    </WfxPlugins>
    <WlxPlugins/>
    <TweakPluginWidth0>0</TweakPluginWidth0>
    <TweakPluginHeight0>0</TweakPluginHeight0>
    <TweakPluginWidth1>0</TweakPluginWidth1>
    <TweakPluginHeight1>0</TweakPluginHeight1>
    <TweakPluginWidth2>0</TweakPluginWidth2>
    <TweakPluginHeight2>0</TweakPluginHeight2>
    <TweakPluginWidth3>0</TweakPluginWidth3>
    <TweakPluginHeight3>0</TweakPluginHeight3>
    <TweakPluginWidth4>0</TweakPluginWidth4>
    <TweakPluginHeight4>0</TweakPluginHeight4>
    <AutoTweak>False</AutoTweak>
    <WCXConfigViewMode>0</WCXConfigViewMode>
    <PluginFilenameStyle>0</PluginFilenameStyle>
    <PluginPathToBeRelativeTo>%COMMANDER_PATH%</PluginPathToBeRelativeTo>
  </Plugins>
</doublecmd>
